{
    "0.25DCONT": 0.827,
    "0.5DCONT": 0.811,
    "0.75DCONT": 0.8,
    "1DCONT": 0.79,
    "1.25DCONT": 0.78,
    "1.5DCONT": 0.771,
    "1.75DCONT": 0.762,
    "2DCONT": 0.753,
    "2.5DCONT": 0.733,
    "3DCONT": 0.709,
    "0DSIGMA": 0.3016564499602035,
    "0.5DSIGMA": 0.46236808572704724,
    "1DSIGMA": 0.623079721493891,
    "1.5DSIGMA": 0.7837913572607347,
    "2DSIGMA": 0.9445029930275786,
    "2.5DSIGMA": 1.1052146287944222,
    "3DSIGMA": 1.265926264561266,
    "3.5DSIGMA": 1.4266379003281098,
    "4DSIGMA": 1.5873495360949534,
    "4.5DSIGMA": 1.748061171861797,
    "5DSIGMA": 1.908772807628641,
    "5DN": 0.89965,
    "10DN": 0.8523,
    "15DN": 0.8049499999999999,
    "20DN": 0.7575999999999999,
    "25DN": 0.7102499999999999,
    "30DN": 0.6629,
    "35DN": 0.61555,
    "40DN": 0.5681999999999999,
    "45DN": 0.52085,
    "50DN": 0.4735
}