{
    "0.25DCONT": 0.964,
    "0.5DCONT": 0.935,
    "0.75DCONT": 0.906,
    "1DCONT": 0.876,
    "1.25DCONT": 0.847,
    "1.5DCONT": 0.818,
    "1.75DCONT": 0.79,
    "2DCONT": 0.762,
    "2.5DCONT": 0.707,
    "3DCONT": 0.652,
    "0DSIGMA": 0.1071803283878741,
    "0.5DSIGMA": 0.371171762555536,
    "1DSIGMA": 0.6351631967231979,
    "1.5DSIGMA": 0.8991546308908598,
    "2DSIGMA": 1.1631460650585217,
    "2.5DSIGMA": 1.4271374992261836,
    "3DSIGMA": 1.6911289333938455,
    "3.5DSIGMA": 1.9551203675615074,
    "4DSIGMA": 2.2191118017291696,
    "4.5DSIGMA": 2.4831032358968312,
    "5DSIGMA": 2.7470946700644934,
    "5DN": 0.90195,
    "10DN": 0.8039000000000001,
    "15DN": 0.7058500000000001,
    "20DN": 0.6078,
    "25DN": 0.50975,
    "30DN": 0.41170000000000007,
    "35DN": 0.3136500000000001,
    "40DN": 0.2156,
    "45DN": 0.11755000000000004,
    "50DN": 0.019500000000000073
}