{
    "0.25DCONT": 0.772,
    "0.5DCONT": 0.735,
    "0.75DCONT": 0.71,
    "1DCONT": 0.688,
    "1.25DCONT": 0.669,
    "1.5DCONT": 0.652,
    "1.75DCONT": 0.635,
    "2DCONT": 0.619,
    "2.5DCONT": 0.589,
    "3DCONT": 0.559,
    "0DSIGMA": 0.3226305761738503,
    "0.5DSIGMA": 0.4413291644820593,
    "1DSIGMA": 0.5600277527902683,
    "1.5DSIGMA": 0.6787263410984772,
    "2DSIGMA": 0.7974249294066862,
    "2.5DSIGMA": 0.9161235177148952,
    "3DSIGMA": 1.0348221060231042,
    "3.5DSIGMA": 1.153520694331313,
    "4DSIGMA": 1.272219282639522,
    "4.5DSIGMA": 1.390917870947731,
    "5DSIGMA": 1.50961645925594,
    "5DN": 0.87495,
    "10DN": 0.8289,
    "15DN": 0.78285,
    "20DN": 0.7368,
    "25DN": 0.69075,
    "30DN": 0.6447,
    "35DN": 0.5986500000000001,
    "40DN": 0.5526,
    "45DN": 0.5065500000000001,
    "50DN": 0.4605
}