{
    "0.25DCONT": 97.1,
    "0.5DCONT": 64.4,
    "0.75DCONT": 45.7,
    "1DCONT": 33.9,
    "1.25DCONT": 25.0,
    "1.5DCONT": 17.9,
    "1.75DCONT": 10.4,
    "2DCONT": 0.409,
    "2.5DCONT": 0.145,
    "3DCONT": 0.0934,
    "0DSIGMA": 6.989585426358976,
    "0.5DSIGMA": 20.87934295204037,
    "1DSIGMA": 34.769100477721764,
    "1.5DSIGMA": 48.65885800340316,
    "2DSIGMA": 62.54861552908456,
    "2.5DSIGMA": 76.43837305476595,
    "3DSIGMA": 90.32813058044734,
    "3.5DSIGMA": 104.21788810612874,
    "4DSIGMA": 118.10764563181013,
    "4.5DSIGMA": 131.99740315749153,
    "5DSIGMA": 145.88716068317294,
    "5DN": 627.950005,
    "10DN": 594.90001,
    "15DN": 561.850015,
    "20DN": 528.80002,
    "25DN": 495.750025,
    "30DN": 462.70002999999997,
    "35DN": 429.650035,
    "40DN": 396.60004,
    "45DN": 363.55004499999995,
    "50DN": 330.50005
}