R4YUM5,36.96789210688443,3.0,Oleispira antarctica
R4YUN3,36.32067147496155,3.0,Oleispira antarctica
R4YUZ3,41.272641177910415,3.0,Oleispira antarctica
R4YUZ5,37.651518950118735,3.0,Oleispira antarctica
S4R219,45.26939306922921,37.0,Mus musculus
S4R225,52.3435933422697,37.0,Mus musculus
S6FN32,39.81437068381372,20.0,Caenorhabditis elegans
U4PBR7,39.186800399596564,20.0,Caenorhabditis elegans
Z4YL87,54.9920512273696,37.0,Mus musculus
Z4YML9,53.356698003754886,37.0,Mus musculus
