{
    "0.25DCONT": 150.0,
    "0.5DCONT": 102.0,
    "0.75DCONT": 77.0,
    "1DCONT": 59.0,
    "1.25DCONT": 44.5,
    "1.5DCONT": 33.0,
    "1.75DCONT": 24.5,
    "2DCONT": 18.1,
    "2.5DCONT": 9.53,
    "3DCONT": 5.06,
    "0DSIGMA": 12.502360099874636,
    "0.5DSIGMA": 35.99279522988715,
    "1DSIGMA": 59.48323035989967,
    "1.5DSIGMA": 82.9736654899122,
    "2DSIGMA": 106.46410061992471,
    "2.5DSIGMA": 129.95453574993724,
    "3DSIGMA": 153.44497087994975,
    "3.5DSIGMA": 176.93540600996226,
    "4DSIGMA": 200.42584113997478,
    "4.5DSIGMA": 223.9162762699873,
    "5DSIGMA": 247.4067113999998,
    "5DN": 2992.5,
    "10DN": 2835.0,
    "15DN": 2677.5,
    "20DN": 2520.0,
    "25DN": 2362.5,
    "30DN": 2205.0,
    "35DN": 2047.5,
    "40DN": 1890.0,
    "45DN": 1732.5,
    "50DN": 1575.0
}