# accession,Tm,ogt,species
Q64727,43.13536020204587,25,Drosophila melanogaster
Q64727,55.76920589377978,37,Mus musculus
