{
    "0.25DCONT": 0.826,
    "0.5DCONT": 0.81,
    "0.75DCONT": 0.798,
    "1DCONT": 0.788,
    "1.25DCONT": 0.779,
    "1.5DCONT": 0.77,
    "1.75DCONT": 0.76,
    "2DCONT": 0.751,
    "2.5DCONT": 0.729,
    "3DCONT": 0.704,
    "0DSIGMA": 0.29399905780565727,
    "0.5DSIGMA": 0.4531533374353325,
    "1DSIGMA": 0.6123076170650077,
    "1.5DSIGMA": 0.7714618966946828,
    "2DSIGMA": 0.930616176324358,
    "2.5DSIGMA": 1.0897704559540333,
    "3DSIGMA": 1.2489247355837083,
    "3.5DSIGMA": 1.4080790152133835,
    "4DSIGMA": 1.5672332948430587,
    "4.5DSIGMA": 1.726387574472734,
    "5DSIGMA": 1.8855418541024092,
    "5DN": 0.9100999999999999,
    "10DN": 0.8622,
    "15DN": 0.8143,
    "20DN": 0.7664,
    "25DN": 0.7184999999999999,
    "30DN": 0.6706,
    "35DN": 0.6227,
    "40DN": 0.5748,
    "45DN": 0.5268999999999999,
    "50DN": 0.479
}