{
    "0.25DCONT": 0.961,
    "0.5DCONT": 0.925,
    "0.75DCONT": 0.889,
    "1DCONT": 0.853,
    "1.25DCONT": 0.817,
    "1.5DCONT": 0.781,
    "1.75DCONT": 0.746,
    "2DCONT": 0.71,
    "2.5DCONT": 0.64,
    "3DCONT": 0.572,
    "0DSIGMA": 0.07888485794109054,
    "0.5DSIGMA": 0.3220164133652609,
    "1DSIGMA": 0.5651479687894312,
    "1.5DSIGMA": 0.8082795242136015,
    "2DSIGMA": 1.0514110796377718,
    "2.5DSIGMA": 1.294542635061942,
    "3DSIGMA": 1.5376741904861124,
    "3.5DSIGMA": 1.7808057459102828,
    "4DSIGMA": 2.023937301334453,
    "4.5DSIGMA": 2.2670688567586232,
    "5DSIGMA": 2.5102004121827934,
    "5DN": 0.9003,
    "10DN": 0.8006,
    "15DN": 0.7009000000000001,
    "20DN": 0.6012,
    "25DN": 0.5015000000000001,
    "30DN": 0.40180000000000005,
    "35DN": 0.30210000000000004,
    "40DN": 0.2023999999999999,
    "45DN": 0.10270000000000001,
    "50DN": 0.0030000000000000027
}