{
    "0.25DCONT": 141.0,
    "0.5DCONT": 96.1,
    "0.75DCONT": 71.2,
    "1DCONT": 54.3,
    "1.25DCONT": 41.8,
    "1.5DCONT": 32.2,
    "1.75DCONT": 24.7,
    "2DCONT": 18.9,
    "2.5DCONT": 11.0,
    "3DCONT": 6.33,
    "0DSIGMA": 11.22647739813693,
    "0.5DSIGMA": 29.60224758788869,
    "1DSIGMA": 47.978017777640446,
    "1.5DSIGMA": 66.35378796739221,
    "2DSIGMA": 84.72955815714397,
    "2.5DSIGMA": 103.10532834689573,
    "3DSIGMA": 121.48109853664748,
    "3.5DSIGMA": 139.85686872639923,
    "4DSIGMA": 158.232638916151,
    "4.5DSIGMA": 176.60840910590275,
    "5DSIGMA": 194.9841792956545,
    "5DN": 2992.5,
    "10DN": 2835.0,
    "15DN": 2677.5,
    "20DN": 2520.0,
    "25DN": 2362.5,
    "30DN": 2205.0,
    "35DN": 2047.5,
    "40DN": 1890.0,
    "45DN": 1732.5,
    "50DN": 1575.0
}