{
    "0.25DCONT": 0.96,
    "0.5DCONT": 0.924,
    "0.75DCONT": 0.887,
    "1DCONT": 0.851,
    "1.25DCONT": 0.814,
    "1.5DCONT": 0.778,
    "1.75DCONT": 0.742,
    "2DCONT": 0.706,
    "2.5DCONT": 0.636,
    "3DCONT": 0.567,
    "0DSIGMA": 0.07955725626089383,
    "0.5DSIGMA": 0.32386410019219464,
    "1DSIGMA": 0.5681709441234954,
    "1.5DSIGMA": 0.8124777880547963,
    "2DSIGMA": 1.0567846319860972,
    "2.5DSIGMA": 1.301091475917398,
    "3DSIGMA": 1.5453983198486987,
    "3.5DSIGMA": 1.7897051637799994,
    "4DSIGMA": 2.0340120077113,
    "4.5DSIGMA": 2.278318851642601,
    "5DSIGMA": 2.5226256955739017,
    "5DN": 0.9004,
    "10DN": 0.8008,
    "15DN": 0.7012,
    "20DN": 0.6015999999999999,
    "25DN": 0.502,
    "30DN": 0.4024,
    "35DN": 0.30280000000000007,
    "40DN": 0.20319999999999994,
    "45DN": 0.10360000000000003,
    "50DN": 0.0040000000000000036
}